dropout,batch_size,no_nodes,look_back,theta,acc,auc,return
0.0,70.0,100.0,1.0,0.0,0.7571198280494358,0.8167078495025635,14.936567145421126
0.0,70.0,100.0,1.0,0.1,0.7571198280494358,0.8167078495025635,12.730758301179595
0.0,70.0,100.0,1.0,0.2,0.7571198280494358,0.8167078495025635,8.196421713984341
0.0,8.0,30.0,1.0,0.0,0.6646963997850618,0.8330564498901367,7.390465076374812
0.0,8.0,30.0,1.0,0.1,0.6646963997850618,0.8330564498901367,5.746747492037844
0.0,8.0,30.0,1.0,0.2,0.6646963997850618,0.8330564498901367,4.538311334147848
0.0,8.0,30.0,3.0,0.0,0.9279182356105432,0.9761741757392884,40.00259203794069
0.0,8.0,30.0,3.0,0.1,0.9279182356105432,0.9761741757392884,39.95976714721748
0.0,8.0,30.0,3.0,0.2,0.9279182356105432,0.9761741757392884,38.61204610881371
0.0,8.0,30.0,6.0,0.0,0.9304956896551724,0.9779574275016784,41.4867272497549
0.0,8.0,30.0,6.0,0.1,0.9304956896551724,0.9779574275016784,41.877869393688826
0.0,8.0,30.0,6.0,0.2,0.9304956896551724,0.9779574275016784,40.28880470134045
0.0,8.0,30.0,9.0,0.0,0.9347004856988668,0.978852152824402,41.574216005874774
0.0,8.0,30.0,9.0,0.1,0.9347004856988668,0.978852152824402,41.116688511328604
0.0,8.0,30.0,9.0,0.2,0.9347004856988668,0.978852152824402,41.14062108378275
0.0,8.0,30.0,12.0,0.0,0.9254054054054054,0.9785805344581604,40.59370308916722
0.0,8.0,30.0,12.0,0.1,0.9254054054054054,0.9785805344581604,40.5986189357176
0.0,8.0,30.0,12.0,0.2,0.9254054054054054,0.9785805344581604,40.123851274453784
0.0,8.0,30.0,18.0,0.0,0.9370932754880694,0.9779406189918518,40.818601523666274
0.0,8.0,30.0,18.0,0.1,0.9370932754880694,0.9779406189918518,40.29551016289472
0.0,8.0,30.0,18.0,0.2,0.9370932754880694,0.9779406189918518,39.77441672432313
0.0,8.0,30.0,24.0,0.0,0.942328618063112,0.9789789319038392,40.70242179970463
0.0,8.0,30.0,24.0,0.1,0.942328618063112,0.9789789319038392,41.41982511849484
0.0,8.0,30.0,24.0,0.2,0.942328618063112,0.9789789319038392,40.295205426866744
0.0,8.0,50.0,1.0,0.0,0.6630843632455669,0.8333101868629456,7.571993838471405
0.0,8.0,50.0,1.0,0.1,0.6630843632455669,0.8333101868629456,6.335237737088118
0.0,8.0,50.0,1.0,0.2,0.6630843632455669,0.8333101868629456,4.863940902624192
0.0,8.0,50.0,3.0,0.0,0.9279182356105432,0.9769150614738464,40.56411587495767
0.0,8.0,50.0,3.0,0.1,0.9279182356105432,0.9769150614738464,39.567601987696634
0.0,8.0,50.0,3.0,0.2,0.9279182356105432,0.9769150614738464,38.02802148249828
0.0,8.0,50.0,6.0,0.0,0.9342672413793104,0.9790708422660828,40.91171927704617
0.0,8.0,50.0,6.0,0.1,0.9342672413793104,0.9790708422660828,40.314376857848046
0.0,8.0,50.0,6.0,0.2,0.9342672413793104,0.9790708422660828,39.56655948896261
0.0,8.0,50.0,9.0,0.0,0.9303831624392876,0.979701280593872,40.19658873923774
0.0,8.0,50.0,9.0,0.1,0.9303831624392876,0.979701280593872,40.35872435347442
0.0,8.0,50.0,9.0,0.2,0.9303831624392876,0.979701280593872,39.626420952940734
0.0,8.0,50.0,12.0,0.0,0.9372972972972972,0.9811276197433472,41.98918846985767
0.0,8.0,50.0,12.0,0.1,0.9372972972972972,0.9811276197433472,41.21617396448795
0.0,8.0,50.0,12.0,0.2,0.9372972972972972,0.9811276197433472,40.6333206664502
0.0,8.0,50.0,18.0,0.0,0.9376355748373102,0.9795693159103394,40.37903443619877
0.0,8.0,50.0,18.0,0.1,0.9376355748373102,0.9795693159103394,40.41654192118178
0.0,8.0,50.0,18.0,0.2,0.9376355748373102,0.9795693159103394,39.62806727268196
0.0,8.0,50.0,24.0,0.0,0.9466811751904244,0.97935551404953,40.76301788780821
0.0,8.0,50.0,24.0,0.1,0.9466811751904244,0.97935551404953,40.381698970692575
0.0,8.0,50.0,24.0,0.2,0.9466811751904244,0.97935551404953,40.46669762767064
0.0,8.0,70.0,1.0,0.0,0.6754433100483611,0.8345414996147156,8.765674985286305
0.0,8.0,70.0,1.0,0.1,0.6754433100483611,0.8345414996147156,6.876943558955102
0.0,8.0,70.0,1.0,0.2,0.6754433100483611,0.8345414996147156,5.998759986928059
0.0,8.0,70.0,3.0,0.0,0.9295320064550834,0.9772033095359802,40.403445903953454
0.0,8.0,70.0,3.0,0.1,0.9295320064550834,0.9772033095359802,39.26191120766895
0.0,8.0,70.0,3.0,0.2,0.9295320064550834,0.9772033095359802,38.945112788850395
0.0,8.0,70.0,6.0,0.0,0.9445043103448276,0.9799764156341552,42.94656082558393
0.0,8.0,70.0,6.0,0.1,0.9445043103448276,0.9799764156341552,43.41178792948576
0.0,8.0,70.0,6.0,0.2,0.9445043103448276,0.9799764156341552,42.61852454135533
0.0,8.0,70.0,9.0,0.0,0.9438747976254722,0.9814074039459229,42.54569316835081
0.0,8.0,70.0,9.0,0.1,0.9438747976254722,0.9814074039459229,42.19461665300841
0.0,8.0,70.0,9.0,0.2,0.9438747976254722,0.9814074039459229,42.136576144365016
0.0,8.0,70.0,12.0,0.0,0.94,0.9810855984687804,42.086577008101685
0.0,8.0,70.0,12.0,0.1,0.94,0.9810855984687804,41.64971567542724
0.0,8.0,70.0,12.0,0.2,0.94,0.9810855984687804,41.48907860913211
0.0,8.0,70.0,18.0,0.0,0.9436008676789588,0.9816641807556152,42.34716526477524
0.0,8.0,70.0,18.0,0.1,0.9436008676789588,0.9816641807556152,41.52841031615324
0.0,8.0,70.0,18.0,0.2,0.9436008676789588,0.9816641807556152,41.6519300187815
0.0,8.0,70.0,24.0,0.0,0.940152339499456,0.9811763763427734,40.884256046346394
0.0,8.0,70.0,24.0,0.1,0.940152339499456,0.9811763763427734,41.371773301048776
0.0,8.0,70.0,24.0,0.2,0.940152339499456,0.9811763763427734,40.96448531356028
0.0,8.0,90.0,1.0,0.0,0.6856528747984955,0.8358482122421265,9.31342746712389
0.0,8.0,90.0,1.0,0.1,0.6856528747984955,0.8358482122421265,7.39760394657357
0.0,8.0,90.0,1.0,0.2,0.6856528747984955,0.8358482122421265,6.22507299708409
0.0,8.0,90.0,3.0,0.0,0.9289940828402368,0.97737854719162,40.1648422300793
0.0,8.0,90.0,3.0,0.1,0.9289940828402368,0.97737854719162,39.55353049401171
0.0,8.0,90.0,3.0,0.2,0.9289940828402368,0.97737854719162,38.47558553540424
0.0,8.0,90.0,6.0,0.0,0.933728448275862,0.9795088768005372,41.69613792275019
0.0,8.0,90.0,6.0,0.1,0.933728448275862,0.9795088768005372,41.200986898127866
0.0,8.0,90.0,6.0,0.2,0.933728448275862,0.9795088768005372,40.00690510703129
0.0,8.0,90.0,9.0,0.0,0.9471127900701564,0.9815011620521544,42.33862500968284
0.0,8.0,90.0,9.0,0.1,0.9471127900701564,0.9815011620521544,41.884172878192466
0.0,8.0,90.0,9.0,0.2,0.9471127900701564,0.9815011620521544,41.54833958718911
0.0,8.0,90.0,12.0,0.0,0.948108108108108,0.9820083379745485,44.110744184716864
0.0,8.0,90.0,12.0,0.1,0.948108108108108,0.9820083379745485,43.917505751616595
0.0,8.0,90.0,12.0,0.2,0.948108108108108,0.9820083379745485,42.75291312512967
0.0,8.0,90.0,18.0,0.0,0.940347071583514,0.981755793094635,42.73437966583751
0.0,8.0,90.0,18.0,0.1,0.940347071583514,0.981755793094635,42.754879675660966
0.0,8.0,90.0,18.0,0.2,0.940347071583514,0.981755793094635,42.13127866598094
0.0,8.0,90.0,24.0,0.0,0.9445048966267682,0.9818921685218812,43.085688368765105
0.0,8.0,90.0,24.0,0.1,0.9445048966267682,0.9818921685218812,42.52974907816957
0.0,8.0,90.0,24.0,0.2,0.9445048966267682,0.9818921685218812,42.07025727226921
0.0,8.0,100.0,1.0,0.0,0.6845781837721655,0.8351073265075684,9.24468218046846
0.0,8.0,100.0,1.0,0.1,0.6845781837721655,0.8351073265075684,7.315645149017875
0.0,8.0,100.0,1.0,0.2,0.6845781837721655,0.8351073265075684,5.535013304791624
0.0,8.0,100.0,3.0,0.0,0.9365250134480904,0.9776079058647156,42.03404151737541
0.0,8.0,100.0,3.0,0.1,0.9365250134480904,0.9776079058647156,41.0622914203672
0.0,8.0,100.0,3.0,0.2,0.9365250134480904,0.9776079058647156,40.6268827361814
0.0,8.0,100.0,6.0,0.0,0.9391163793103448,0.980092465877533,43.02272754401551
0.0,8.0,100.0,6.0,0.1,0.9391163793103448,0.980092465877533,41.59763218001239
0.0,8.0,100.0,6.0,0.2,0.9391163793103448,0.980092465877533,40.329599657917406
0.0,8.0,100.0,9.0,0.0,0.9411764705882352,0.9812206029891968,43.55622636084917
0.0,8.0,100.0,9.0,0.1,0.9411764705882352,0.9812206029891968,42.400204593703535
0.0,8.0,100.0,9.0,0.2,0.9411764705882352,0.9812206029891968,41.64720835366425
0.0,8.0,100.0,12.0,0.0,0.94,0.9821435809135436,42.699713753585726
0.0,8.0,100.0,12.0,0.1,0.94,0.9821435809135436,42.93897714526394
0.0,8.0,100.0,12.0,0.2,0.94,0.9821435809135436,41.593261076917294
0.0,8.0,100.0,18.0,0.0,0.9425162689804772,0.9817999601364136,42.57488571770425
0.0,8.0,100.0,18.0,0.1,0.9425162689804772,0.9817999601364136,42.3142225969163
0.0,8.0,100.0,18.0,0.2,0.9425162689804772,0.9817999601364136,42.44243365311283
0.0,8.0,100.0,24.0,0.0,0.9488574537540804,0.9821549057960509,43.4885719563762
0.0,8.0,100.0,24.0,0.1,0.9488574537540804,0.9821549057960509,43.060581454417154
0.0,8.0,100.0,24.0,0.2,0.9488574537540804,0.9821549057960509,42.459175071760285
0.0,8.0,150.0,1.0,0.0,0.6904889844169801,0.8362457752227783,9.618046846412133
0.0,8.0,150.0,1.0,0.1,0.6904889844169801,0.8362457752227783,7.721755298276937
0.0,8.0,150.0,1.0,0.2,0.6904889844169801,0.8362457752227783,6.535952520811362
0.0,8.0,150.0,3.0,0.0,0.9349112426035504,0.9776203632354736,40.65485872646549
0.0,8.0,150.0,3.0,0.1,0.9349112426035504,0.9776203632354736,41.36528193708438
0.0,8.0,150.0,3.0,0.2,0.9349112426035504,0.9776203632354736,39.471460363834645
0.0,8.0,150.0,6.0,0.0,0.9375,0.9795405268669128,40.895268504291394
0.0,8.0,150.0,6.0,0.1,0.9375,0.9795405268669128,40.527627902434986
0.0,8.0,150.0,6.0,0.2,0.9375,0.9795405268669128,39.959137588142035
0.0,8.0,150.0,9.0,0.0,0.9390178089584458,0.9818354845046996,42.914478980630015
0.0,8.0,150.0,9.0,0.1,0.9390178089584458,0.9818354845046996,42.648004696103
0.0,8.0,150.0,9.0,0.2,0.9390178089584458,0.9818354845046996,41.52931646793174
0.0,8.0,150.0,12.0,0.0,0.9508108108108108,0.9818702340126038,43.72979617465535
0.0,8.0,150.0,12.0,0.1,0.9508108108108108,0.9818702340126038,43.05379419821929
0.0,8.0,150.0,12.0,0.2,0.9508108108108108,0.9818702340126038,41.28454657073592
0.0,8.0,150.0,18.0,0.0,0.9425162689804772,0.9821128845214844,42.85793604987507
0.0,8.0,150.0,18.0,0.1,0.9425162689804772,0.9821128845214844,43.202545063464136
0.0,8.0,150.0,18.0,0.2,0.9425162689804772,0.9821128845214844,42.722522016944964
0.0,8.0,150.0,24.0,0.0,0.940152339499456,0.9820404052734376,41.43504788183099
0.0,8.0,150.0,24.0,0.1,0.940152339499456,0.9820404052734376,40.31888857815537
0.0,8.0,150.0,24.0,0.2,0.940152339499456,0.9820404052734376,39.368060837824295
0.0,8.0,200.0,1.0,0.0,0.7098334228909189,0.8371333479881287,11.082466619458263
0.0,8.0,200.0,1.0,0.1,0.7098334228909189,0.8371333479881287,9.88784325571317
0.0,8.0,200.0,1.0,0.2,0.7098334228909189,0.8371333479881287,7.246249303101537
0.0,8.0,200.0,3.0,0.0,0.9359870898332436,0.9774813055992126,40.941026939605415
0.0,8.0,200.0,3.0,0.1,0.9359870898332436,0.9774813055992126,39.94809871316461
0.0,8.0,200.0,3.0,0.2,0.9359870898332436,0.9774813055992126,37.86263847593657
0.0,8.0,200.0,6.0,0.0,0.9315732758620692,0.9797659516334534,42.097781272687186
0.0,8.0,200.0,6.0,0.1,0.9315732758620692,0.9797659516334534,41.057165950098096
0.0,8.0,200.0,6.0,0.2,0.9315732758620692,0.9797659516334534,41.04195971066593
0.0,8.0,200.0,9.0,0.0,0.9481921208850512,0.981212556362152,43.97826446832249
0.0,8.0,200.0,9.0,0.1,0.9481921208850512,0.981212556362152,43.760451545289534
0.0,8.0,200.0,9.0,0.2,0.9481921208850512,0.981212556362152,42.545794823658035
0.0,8.0,200.0,12.0,0.0,0.9405405405405406,0.981751561164856,42.547415454979465
0.0,8.0,200.0,12.0,0.1,0.9405405405405406,0.981751561164856,42.40188918255765
0.0,8.0,200.0,12.0,0.2,0.9405405405405406,0.981751561164856,41.046504563540076
0.0,8.0,200.0,18.0,0.0,0.9354663774403472,0.9820346236228944,43.01287707183548
0.0,8.0,200.0,18.0,0.1,0.9354663774403472,0.9820346236228944,42.27990528233612
0.0,8.0,200.0,18.0,0.2,0.9354663774403472,0.9820346236228944,42.046755900284964
0.0,8.0,200.0,24.0,0.0,0.9385201305767138,0.9820476770401,42.803656170646384
0.0,8.0,200.0,24.0,0.1,0.9385201305767138,0.9820476770401,42.22026833171967
0.0,8.0,200.0,24.0,0.2,0.9385201305767138,0.9820476770401,41.30969273589631
0.0,64.0,30.0,1.0,0.0,0.7544331004836109,0.8112809062004089,15.036385815267087
0.0,64.0,30.0,1.0,0.1,0.7544331004836109,0.8112809062004089,11.91881839850452
0.0,64.0,30.0,1.0,0.2,0.7544331004836109,0.8112809062004089,8.673670383461129
0.0,64.0,30.0,3.0,0.0,0.9365250134480904,0.9687309861183168,38.505957253599526
0.0,64.0,30.0,3.0,0.1,0.9365250134480904,0.9687309861183168,38.99987746674165
0.0,64.0,30.0,3.0,0.2,0.9365250134480904,0.9687309861183168,37.507352815358296
0.0,64.0,30.0,6.0,0.0,0.9466594827586208,0.9664016962051392,39.31078826379058
0.0,64.0,30.0,6.0,0.1,0.9466594827586208,0.9664016962051392,38.37909568365474
0.0,64.0,30.0,6.0,0.2,0.9466594827586208,0.9664016962051392,37.824899733764035
0.0,64.0,30.0,9.0,0.0,0.9390178089584458,0.9579005241394044,37.19981258428735
0.0,64.0,30.0,9.0,0.1,0.9390178089584458,0.9579005241394044,36.74459855771446
0.0,64.0,30.0,9.0,0.2,0.9390178089584458,0.9579005241394044,36.92412962290672
0.0,64.0,30.0,12.0,0.0,0.947027027027027,0.9654628038406372,38.576567739869965
0.0,64.0,30.0,12.0,0.1,0.947027027027027,0.9654628038406372,38.836203786692884
0.0,64.0,30.0,12.0,0.2,0.947027027027027,0.9654628038406372,37.22183737956581
0.0,64.0,30.0,18.0,0.0,0.9376355748373102,0.9644241929054259,38.472241601089024
0.0,64.0,30.0,18.0,0.1,0.9376355748373102,0.9644241929054259,37.80882551556606
0.0,64.0,30.0,18.0,0.2,0.9376355748373102,0.9644241929054259,37.0535796745237
0.0,64.0,30.0,24.0,0.0,0.9439608269858542,0.96530681848526,37.656109767422116
0.0,64.0,30.0,24.0,0.1,0.9439608269858542,0.96530681848526,38.36051954772133
0.0,64.0,30.0,24.0,0.2,0.9439608269858542,0.96530681848526,37.080097219615496
0.0,64.0,50.0,1.0,0.0,0.7517463729177861,0.8132468461990356,14.300642254593818
0.0,64.0,50.0,1.0,0.1,0.7517463729177861,0.8132468461990356,12.784746267536418
0.0,64.0,50.0,1.0,0.2,0.7517463729177861,0.8132468461990356,8.391416326244814
0.0,64.0,50.0,3.0,0.0,0.9435180204410972,0.9706305265426636,39.14104090642354
0.0,64.0,50.0,3.0,0.1,0.9435180204410972,0.9706305265426636,38.79230743769835
0.0,64.0,50.0,3.0,0.2,0.9435180204410972,0.9706305265426636,37.37623585225247
0.0,64.0,50.0,6.0,0.0,0.9391163793103448,0.9693039655685424,38.958116693515464
0.0,64.0,50.0,6.0,0.1,0.9391163793103448,0.9693039655685424,38.39673162244409
0.0,64.0,50.0,6.0,0.2,0.9391163793103448,0.9693039655685424,38.49917068291514
0.0,64.0,50.0,9.0,0.0,0.9427954668105776,0.9708110094070436,39.31355105392264
0.0,64.0,50.0,9.0,0.1,0.9427954668105776,0.9708110094070436,38.68627940462728
0.0,64.0,50.0,9.0,0.2,0.9427954668105776,0.9708110094070436,38.138127241903625
0.0,64.0,50.0,12.0,0.0,0.9443243243243244,0.9706823825836182,39.370676435475396
0.0,64.0,50.0,12.0,0.1,0.9443243243243244,0.9706823825836182,38.62018114085066
0.0,64.0,50.0,12.0,0.2,0.9443243243243244,0.9706823825836182,39.014066455192925
0.0,64.0,50.0,18.0,0.0,0.9414316702819956,0.9702746868133544,38.70730348170276
0.0,64.0,50.0,18.0,0.1,0.9414316702819956,0.9702746868133544,38.30678059827843
0.0,64.0,50.0,18.0,0.2,0.9414316702819956,0.9702746868133544,37.278228501610755
0.0,64.0,50.0,24.0,0.0,0.9477693144722524,0.9707894921302797,38.87997229210928
0.0,64.0,50.0,24.0,0.1,0.9477693144722524,0.9707894921302797,38.45335925277891
0.0,64.0,50.0,24.0,0.2,0.9477693144722524,0.9707894921302797,38.451349967837366
0.0,64.0,70.0,1.0,0.0,0.7619559376679205,0.8161963224411011,14.776972036916545
0.0,64.0,70.0,1.0,0.1,0.7619559376679205,0.8161963224411011,12.483121996080046
0.0,64.0,70.0,1.0,0.2,0.7619559376679205,0.8161963224411011,8.102822199846544
0.0,64.0,70.0,3.0,0.0,0.9472834857450242,0.9718634486198424,39.416561562315394
0.0,64.0,70.0,3.0,0.1,0.9472834857450242,0.9718634486198424,38.838368197370045
0.0,64.0,70.0,3.0,0.2,0.9472834857450242,0.9718634486198424,37.98358745437069
0.0,64.0,70.0,6.0,0.0,0.9439655172413792,0.9733264446258544,40.168080149535186
0.0,64.0,70.0,6.0,0.1,0.9439655172413792,0.9733264446258544,40.09397939748951
0.0,64.0,70.0,6.0,0.2,0.9439655172413792,0.9733264446258544,39.869393861461454
0.0,64.0,70.0,9.0,0.0,0.9438747976254722,0.972445785999298,39.20511014886775
0.0,64.0,70.0,9.0,0.1,0.9438747976254722,0.972445785999298,39.66228832406622
0.0,64.0,70.0,9.0,0.2,0.9438747976254722,0.972445785999298,40.309038390107276
0.0,64.0,70.0,12.0,0.0,0.947027027027027,0.9730165004730223,40.15631261102588
0.0,64.0,70.0,12.0,0.1,0.947027027027027,0.9730165004730223,40.266777806428145
0.0,64.0,70.0,12.0,0.2,0.947027027027027,0.9730165004730223,39.82537767284246
0.0,64.0,70.0,18.0,0.0,0.9436008676789588,0.97232323884964,38.5493721020488
0.0,64.0,70.0,18.0,0.1,0.9436008676789588,0.97232323884964,38.28445165289242
0.0,64.0,70.0,18.0,0.2,0.9436008676789588,0.97232323884964,38.24399759484368
0.0,64.0,70.0,24.0,0.0,0.9483133841131663,0.9733521938323976,40.153645357036645
0.0,64.0,70.0,24.0,0.1,0.9483133841131663,0.9733521938323976,39.610473395371024
0.0,64.0,70.0,24.0,0.2,0.9483133841131663,0.9733521938323976,38.482347476359415
0.0,64.0,90.0,1.0,0.0,0.7560451370231058,0.8159711360931396,14.829560338590555
0.0,64.0,90.0,1.0,0.1,0.7560451370231058,0.8159711360931396,12.468388057352257
0.0,64.0,90.0,1.0,0.2,0.7560451370231058,0.8159711360931396,8.140210330183704
0.0,64.0,90.0,3.0,0.0,0.945669714900484,0.9732678532600404,39.852212175056
0.0,64.0,90.0,3.0,0.1,0.945669714900484,0.9732678532600404,39.01336090088068
0.0,64.0,90.0,3.0,0.2,0.945669714900484,0.9732678532600404,38.336689186356956
0.0,64.0,90.0,6.0,0.0,0.9445043103448276,0.9730906486511229,39.497172363122175
0.0,64.0,90.0,6.0,0.1,0.9445043103448276,0.9730906486511229,39.609388924995976
0.0,64.0,90.0,6.0,0.2,0.9445043103448276,0.9730906486511229,39.96213857979704
0.0,64.0,90.0,9.0,0.0,0.9471127900701564,0.9740959405899048,39.702421810778425
0.0,64.0,90.0,9.0,0.1,0.9471127900701564,0.9740959405899048,39.27843816612607
0.0,64.0,90.0,9.0,0.2,0.9471127900701564,0.9740959405899048,39.21172102031501
0.0,64.0,90.0,12.0,0.0,0.9448648648648648,0.973622739315033,39.323961523863844
0.0,64.0,90.0,12.0,0.1,0.9448648648648648,0.973622739315033,40.434728632959796
0.0,64.0,90.0,12.0,0.2,0.9448648648648648,0.973622739315033,39.338911401202395
0.0,64.0,90.0,18.0,0.0,0.945770065075922,0.9731195569038392,40.268141171149175
0.0,64.0,90.0,18.0,0.1,0.945770065075922,0.9731195569038392,39.684077883492854
0.0,64.0,90.0,18.0,0.2,0.945770065075922,0.9731195569038392,39.00789733400539
0.0,64.0,90.0,24.0,0.0,0.9521218715995649,0.9749112725257874,40.309231505436074
0.0,64.0,90.0,24.0,0.1,0.9521218715995649,0.9749112725257874,39.991171680817494
0.0,64.0,90.0,24.0,0.2,0.9521218715995649,0.9749112725257874,39.99425172973496
0.0,64.0,100.0,1.0,0.0,0.7630306286942504,0.8170707821846008,14.791346887705634
0.0,64.0,100.0,1.0,0.1,0.7630306286942504,0.8170707821846008,12.425389723521759
0.0,64.0,100.0,1.0,0.2,0.7630306286942504,0.8170707821846008,8.230023099925454
0.0,64.0,100.0,3.0,0.0,0.9478214093598708,0.9732975363731384,39.641355373939206
0.0,64.0,100.0,3.0,0.1,0.9478214093598708,0.9732975363731384,39.828839103180854
0.0,64.0,100.0,3.0,0.2,0.9478214093598708,0.9732975363731384,38.20117390608838
0.0,64.0,100.0,6.0,0.0,0.9445043103448276,0.9735813736915588,39.82738750529534
0.0,64.0,100.0,6.0,0.1,0.9445043103448276,0.9735813736915588,40.666395508011476
0.0,64.0,100.0,6.0,0.2,0.9445043103448276,0.9735813736915588,40.006381727732155
0.0,64.0,100.0,9.0,0.0,0.947652455477604,0.974664270877838,40.323983083151155
0.0,64.0,100.0,9.0,0.1,0.947652455477604,0.974664270877838,39.592052412057136
0.0,64.0,100.0,9.0,0.2,0.947652455477604,0.974664270877838,39.50491082966016
0.0,64.0,100.0,12.0,0.0,0.9486486486486486,0.9749363660812378,40.449659773598206
0.0,64.0,100.0,12.0,0.1,0.9486486486486486,0.9749363660812378,40.9559395284674
0.0,64.0,100.0,12.0,0.2,0.9486486486486486,0.9749363660812378,40.16381491000327
0.0,64.0,100.0,18.0,0.0,0.9506507592190888,0.9753004908561708,40.76715874178984
0.0,64.0,100.0,18.0,0.1,0.9506507592190888,0.9753004908561708,40.33659378547489
0.0,64.0,100.0,18.0,0.2,0.9506507592190888,0.9753004908561708,40.456249750901996
0.0,64.0,100.0,24.0,0.0,0.9504896626768228,0.9752865433692932,40.027205962042615
0.0,64.0,100.0,24.0,0.1,0.9504896626768228,0.9752865433692932,39.47585471137568
0.0,64.0,100.0,24.0,0.2,0.9504896626768228,0.9752865433692932,38.84167998140428
0.0,64.0,150.0,1.0,0.0,0.7624932831810854,0.8171629905700684,14.949835029406273
0.0,64.0,150.0,1.0,0.1,0.7624932831810854,0.8171629905700684,12.695801757680409
0.0,64.0,150.0,1.0,0.2,0.7624932831810854,0.8171629905700684,8.311138819957673
0.0,64.0,150.0,3.0,0.0,0.9419042495965572,0.9740737676620485,40.03952175115954
0.0,64.0,150.0,3.0,0.1,0.9419042495965572,0.9740737676620485,39.342372211705715
0.0,64.0,150.0,3.0,0.2,0.9419042495965572,0.9740737676620485,37.46275326849688
0.0,64.0,150.0,6.0,0.0,0.941271551724138,0.9747911691665648,40.29902521527625
0.0,64.0,150.0,6.0,0.1,0.941271551724138,0.9747911691665648,40.95942459246073
0.0,64.0,150.0,6.0,0.2,0.941271551724138,0.9747911691665648,40.895698127751054
0.0,64.0,150.0,9.0,0.0,0.947652455477604,0.9756742119789124,40.87502065397471
0.0,64.0,150.0,9.0,0.1,0.947652455477604,0.9756742119789124,39.550828784823025
0.0,64.0,150.0,9.0,0.2,0.947652455477604,0.9756742119789124,38.786387980565145
0.0,64.0,150.0,12.0,0.0,0.9486486486486486,0.975899338722229,41.09622662511946
0.0,64.0,150.0,12.0,0.1,0.9486486486486486,0.975899338722229,40.418443237108846
0.0,64.0,150.0,12.0,0.2,0.9486486486486486,0.975899338722229,39.564086511940296
0.0,64.0,150.0,18.0,0.0,0.943058568329718,0.9761930108070374,40.166334291807715
0.0,64.0,150.0,18.0,0.1,0.943058568329718,0.9761930108070374,40.774574260569956
0.0,64.0,150.0,18.0,0.2,0.943058568329718,0.9761930108070374,40.5713165892869
0.0,64.0,150.0,24.0,0.0,0.9488574537540804,0.9763221740722656,40.79568203476576
0.0,64.0,150.0,24.0,0.1,0.9488574537540804,0.9763221740722656,40.585162633536676
0.0,64.0,150.0,24.0,0.2,0.9488574537540804,0.9763221740722656,39.93065242598525
0.0,64.0,200.0,1.0,0.0,0.7662547017732402,0.8172289133071899,15.3131614509154
0.0,64.0,200.0,1.0,0.1,0.7662547017732402,0.8172289133071899,13.122659544847446
0.0,64.0,200.0,1.0,0.2,0.7662547017732402,0.8172289133071899,8.309309861329206
0.0,64.0,200.0,3.0,0.0,0.9273803119956966,0.9732533097267152,38.82565056816215
0.0,64.0,200.0,3.0,0.1,0.9273803119956966,0.9732533097267152,37.566028646519044
0.0,64.0,200.0,3.0,0.2,0.9273803119956966,0.9732533097267152,36.80625832054976
0.0,64.0,200.0,6.0,0.0,0.9428879310344828,0.9753482937812804,40.654756688676756
0.0,64.0,200.0,6.0,0.1,0.9428879310344828,0.9753482937812804,40.690726053624346
0.0,64.0,200.0,6.0,0.2,0.9428879310344828,0.9753482937812804,40.121818068756134
0.0,64.0,200.0,9.0,0.0,0.947652455477604,0.976474404335022,41.71827146551972
0.0,64.0,200.0,9.0,0.1,0.947652455477604,0.976474404335022,41.35154874836079
0.0,64.0,200.0,9.0,0.2,0.947652455477604,0.976474404335022,39.89776086796087
0.0,64.0,200.0,12.0,0.0,0.9562162162162162,0.9758369326591492,42.0247566852629
0.0,64.0,200.0,12.0,0.1,0.9562162162162162,0.9758369326591492,41.540886670421045
0.0,64.0,200.0,12.0,0.2,0.9562162162162162,0.9758369326591492,40.24277689287573
0.0,64.0,200.0,18.0,0.0,0.9436008676789588,0.9767163395881652,41.494136980830376
0.0,64.0,200.0,18.0,0.1,0.9436008676789588,0.9767163395881652,41.11214779286035
0.0,64.0,200.0,18.0,0.2,0.9436008676789588,0.9767163395881652,40.518304871227215
0.0,64.0,200.0,24.0,0.0,0.9477693144722524,0.9764532446861268,39.99984381593695
0.0,64.0,200.0,24.0,0.1,0.9477693144722524,0.9764532446861268,41.07048935003049
0.0,64.0,200.0,24.0,0.2,0.9477693144722524,0.9764532446861268,40.43579552293039
0.0,128.0,30.0,1.0,0.0,0.723267060720043,0.7852014899253845,10.9100295755777
0.0,128.0,30.0,1.0,0.1,0.723267060720043,0.7852014899253845,7.265740299525675
0.0,128.0,30.0,1.0,0.2,0.723267060720043,0.7852014899253845,5.886147386029742
0.0,128.0,30.0,3.0,0.0,0.9343733189887036,0.9635711312294006,38.298675446336105
0.0,128.0,30.0,3.0,0.1,0.9343733189887036,0.9635711312294006,38.08961749997762
0.0,128.0,30.0,3.0,0.2,0.9343733189887036,0.9635711312294006,36.504020998477294
0.0,128.0,30.0,6.0,0.0,0.9407327586206896,0.9595258831977844,37.43599217161713
0.0,128.0,30.0,6.0,0.1,0.9407327586206896,0.9595258831977844,37.487618867061315
0.0,128.0,30.0,6.0,0.2,0.9407327586206896,0.9595258831977844,37.39149653796839
0.0,128.0,30.0,9.0,0.0,0.9163518618456556,0.9562161564826964,35.750223685356325
0.0,128.0,30.0,9.0,0.1,0.9163518618456556,0.9562161564826964,34.952815622025845
0.0,128.0,30.0,9.0,0.2,0.9163518618456556,0.9562161564826964,35.22215872358467
0.0,128.0,30.0,12.0,0.0,0.9221621621621622,0.9552565813064576,36.26634894885122
0.0,128.0,30.0,12.0,0.1,0.9221621621621622,0.9552565813064576,35.61446290301433
0.0,128.0,30.0,12.0,0.2,0.9221621621621622,0.9552565813064576,35.56646828593808
0.0,128.0,30.0,18.0,0.0,0.915401301518438,0.9559419751167296,35.05669279550489
0.0,128.0,30.0,18.0,0.1,0.915401301518438,0.9559419751167296,34.14150147442779
0.0,128.0,30.0,18.0,0.2,0.915401301518438,0.9559419751167296,33.385290394160606
0.0,128.0,30.0,24.0,0.0,0.9238302502720348,0.9565666913986206,35.684516887754505
0.0,128.0,30.0,24.0,0.1,0.9238302502720348,0.9565666913986206,35.47392555154299
0.0,128.0,30.0,24.0,0.2,0.9238302502720348,0.9565666913986206,34.60565319592642
0.0,128.0,50.0,1.0,0.0,0.7307898979043524,0.798247754573822,11.806629609770114
0.0,128.0,50.0,1.0,0.1,0.7307898979043524,0.798247754573822,7.850815391212724
0.0,128.0,50.0,1.0,0.2,0.7307898979043524,0.798247754573822,6.122053334584033
0.0,128.0,50.0,3.0,0.0,0.9359870898332436,0.9680878520011902,38.74658214728703
0.0,128.0,50.0,3.0,0.1,0.9359870898332436,0.9680878520011902,38.87942036702612
0.0,128.0,50.0,3.0,0.2,0.9359870898332436,0.9680878520011902,37.41933938102488
0.0,128.0,50.0,6.0,0.0,0.9461206896551724,0.963704228401184,38.53723586779197
0.0,128.0,50.0,6.0,0.1,0.9461206896551724,0.963704228401184,39.17370298457895
0.0,128.0,50.0,6.0,0.2,0.9461206896551724,0.963704228401184,37.614682834675286
0.0,128.0,50.0,9.0,0.0,0.947652455477604,0.9642505049705504,38.757773922195774
0.0,128.0,50.0,9.0,0.1,0.947652455477604,0.9642505049705504,38.99418951309349
0.0,128.0,50.0,9.0,0.2,0.947652455477604,0.9642505049705504,37.12791672218183
0.0,128.0,50.0,12.0,0.0,0.9437837837837838,0.9637667536735536,38.27967696148525
0.0,128.0,50.0,12.0,0.1,0.9437837837837838,0.9637667536735536,37.89055892257403
0.0,128.0,50.0,12.0,0.2,0.9437837837837838,0.9637667536735536,36.870308933705694
0.0,128.0,50.0,18.0,0.0,0.936008676789588,0.9630876183509828,37.8580301149429
0.0,128.0,50.0,18.0,0.1,0.936008676789588,0.9630876183509828,37.38949892067386
0.0,128.0,50.0,18.0,0.2,0.936008676789588,0.9630876183509828,36.084905768255545
0.0,128.0,50.0,24.0,0.0,0.9461371055495104,0.9649033546447754,37.992000666948435
0.0,128.0,50.0,24.0,0.1,0.9461371055495104,0.9649033546447754,38.258024452595905
0.0,128.0,50.0,24.0,0.2,0.9461371055495104,0.9649033546447754,36.60982802850057
0.0,128.0,70.0,1.0,0.0,0.7463729177861365,0.8004482984542847,12.9672524718931
0.0,128.0,70.0,1.0,0.1,0.7463729177861365,0.8004482984542847,8.651613070976278
0.0,128.0,70.0,1.0,0.2,0.7463729177861365,0.8004482984542847,6.4682922155677804
0.0,128.0,70.0,3.0,0.0,0.9273803119956966,0.9695784449577332,38.21212664287295
0.0,128.0,70.0,3.0,0.1,0.9273803119956966,0.9695784449577332,36.85676723428535
0.0,128.0,70.0,3.0,0.2,0.9273803119956966,0.9695784449577332,35.301120705040915
0.0,128.0,70.0,6.0,0.0,0.9445043103448276,0.9666370153427124,39.83382314144403
0.0,128.0,70.0,6.0,0.1,0.9445043103448276,0.9666370153427124,38.96669725863263
0.0,128.0,70.0,6.0,0.2,0.9445043103448276,0.9666370153427124,37.6142139373508
0.0,128.0,70.0,9.0,0.0,0.9454937938478144,0.967465043067932,39.32330150730228
0.0,128.0,70.0,9.0,0.1,0.9454937938478144,0.967465043067932,38.659546157971626
0.0,128.0,70.0,9.0,0.2,0.9454937938478144,0.967465043067932,37.57646893078357
0.0,128.0,70.0,12.0,0.0,0.9508108108108108,0.968463897705078,39.54497558161315
0.0,128.0,70.0,12.0,0.1,0.9508108108108108,0.968463897705078,39.16245054013265
0.0,128.0,70.0,12.0,0.2,0.9508108108108108,0.968463897705078,37.698431517322476
0.0,128.0,70.0,18.0,0.0,0.9463123644251626,0.9671414494514464,38.132310698344156
0.0,128.0,70.0,18.0,0.1,0.9463123644251626,0.9671414494514464,38.44552048412921
0.0,128.0,70.0,18.0,0.2,0.9463123644251626,0.9671414494514464,37.05098089694073
0.0,128.0,70.0,24.0,0.0,0.9461371055495104,0.9654858708381652,37.90881693096508
0.0,128.0,70.0,24.0,0.1,0.9461371055495104,0.9654858708381652,38.20829946680766
0.0,128.0,70.0,24.0,0.2,0.9461371055495104,0.9654858708381652,36.47779424298571
0.0,128.0,90.0,1.0,0.0,0.7458355722729715,0.8013756275177002,13.015054093491731
0.0,128.0,90.0,1.0,0.1,0.7458355722729715,0.8013756275177002,9.102566965549846
0.0,128.0,90.0,1.0,0.2,0.7458355722729715,0.8013756275177002,6.594621263198611
0.0,128.0,90.0,3.0,0.0,0.9316837009144702,0.968363642692566,38.69886551204833
0.0,128.0,90.0,3.0,0.1,0.9316837009144702,0.968363642692566,38.06695421775744
0.0,128.0,90.0,3.0,0.2,0.9316837009144702,0.968363642692566,35.935440300500424
0.0,128.0,90.0,6.0,0.0,0.9434267241379308,0.968415379524231,39.420730755174155
0.0,128.0,90.0,6.0,0.1,0.9434267241379308,0.968415379524231,38.13448806319832
0.0,128.0,90.0,6.0,0.2,0.9434267241379308,0.968415379524231,37.334926005095404
0.0,128.0,90.0,9.0,0.0,0.9454937938478144,0.9689860343933104,38.965836226977956
0.0,128.0,90.0,9.0,0.1,0.9454937938478144,0.9689860343933104,38.99039973930851
0.0,128.0,90.0,9.0,0.2,0.9454937938478144,0.9689860343933104,38.073197750580896
0.0,128.0,90.0,12.0,0.0,0.9491891891891892,0.9691274166107178,39.58989025372248
0.0,128.0,90.0,12.0,0.1,0.9491891891891892,0.9691274166107178,38.82261535895452
0.0,128.0,90.0,12.0,0.2,0.9491891891891892,0.9691274166107178,38.849678290691706
0.0,128.0,90.0,18.0,0.0,0.9452277657266812,0.9695444703102112,39.12526320399574
0.0,128.0,90.0,18.0,0.1,0.9452277657266812,0.9695444703102112,38.7747565874003
0.0,128.0,90.0,18.0,0.2,0.9452277657266812,0.9695444703102112,38.3432691046752
0.0,128.0,90.0,24.0,0.0,0.9515778019586508,0.9702504873275756,39.29129478237017
0.0,128.0,90.0,24.0,0.1,0.9515778019586508,0.9702504873275756,38.45392586632965
0.0,128.0,90.0,24.0,0.2,0.9515778019586508,0.9702504873275756,37.63896406434093
0.0,128.0,100.0,1.0,0.0,0.7409994626544868,0.7988912463188171,12.78514180500134
0.0,128.0,100.0,1.0,0.1,0.7409994626544868,0.7988912463188171,8.428682859706925
0.0,128.0,100.0,1.0,0.2,0.7409994626544868,0.7988912463188171,6.449420759340844
0.0,128.0,100.0,3.0,0.0,0.9370629370629372,0.9693880081176758,39.00874271674419
0.0,128.0,100.0,3.0,0.1,0.9370629370629372,0.9693880081176758,38.716294841837566
0.0,128.0,100.0,3.0,0.2,0.9370629370629372,0.9693880081176758,37.23563105097565
0.0,128.0,100.0,6.0,0.0,0.9445043103448276,0.969390869140625,39.53578500590298
0.0,128.0,100.0,6.0,0.1,0.9445043103448276,0.969390869140625,39.1217177678261
0.0,128.0,100.0,6.0,0.2,0.9445043103448276,0.969390869140625,37.62952600468274
0.0,128.0,100.0,9.0,0.0,0.949271451699946,0.9695440530776978,39.56170251715344
0.0,128.0,100.0,9.0,0.1,0.949271451699946,0.9695440530776978,38.986170412919726
0.0,128.0,100.0,9.0,0.2,0.949271451699946,0.9695440530776978,38.491596112618815
0.0,128.0,100.0,12.0,0.0,0.945945945945946,0.9707521200180054,39.611394714802955
0.0,128.0,100.0,12.0,0.1,0.945945945945946,0.9707521200180054,39.64477518991035
0.0,128.0,100.0,12.0,0.2,0.945945945945946,0.9707521200180054,39.73546733818248
0.0,128.0,100.0,18.0,0.0,0.9419739696312364,0.970306396484375,39.11590906099932
0.0,128.0,100.0,18.0,0.1,0.9419739696312364,0.970306396484375,39.20081647460665
0.0,128.0,100.0,18.0,0.2,0.9419739696312364,0.970306396484375,39.641613822240245
0.0,128.0,100.0,24.0,0.0,0.9466811751904244,0.969282567501068,38.75347836370575
0.0,128.0,100.0,24.0,0.1,0.9466811751904244,0.969282567501068,38.49180762539041
0.0,128.0,100.0,24.0,0.2,0.9466811751904244,0.969282567501068,38.17525348175128
0.0,128.0,150.0,1.0,0.0,0.7576571735626008,0.8078789710998535,14.458440858471839
0.0,128.0,150.0,1.0,0.1,0.7576571735626008,0.8078789710998535,10.101875193029107
0.0,128.0,150.0,1.0,0.2,0.7576571735626008,0.8078789710998535,7.284209614357493
0.0,128.0,150.0,3.0,0.0,0.9349112426035504,0.970374882221222,39.08788899035401
0.0,128.0,150.0,3.0,0.1,0.9349112426035504,0.970374882221222,38.776950255549906
0.0,128.0,150.0,3.0,0.2,0.9349112426035504,0.970374882221222,37.20514594893918
0.0,128.0,150.0,6.0,0.0,0.9434267241379308,0.9707328677177428,39.533790856767055
0.0,128.0,150.0,6.0,0.1,0.9434267241379308,0.9707328677177428,40.21583245269275
0.0,128.0,150.0,6.0,0.2,0.9434267241379308,0.9707328677177428,40.81220582409908
0.0,128.0,150.0,9.0,0.0,0.9438747976254722,0.9712305665016174,40.51353984682539
0.0,128.0,150.0,9.0,0.1,0.9438747976254722,0.9712305665016174,40.37016291118615
0.0,128.0,150.0,9.0,0.2,0.9438747976254722,0.9712305665016174,39.628100323126176
0.0,128.0,150.0,12.0,0.0,0.9464864864864864,0.971790850162506,40.92152411151318
0.0,128.0,150.0,12.0,0.1,0.9464864864864864,0.971790850162506,40.602312368237094
0.0,128.0,150.0,12.0,0.2,0.9464864864864864,0.971790850162506,40.05628270902119
0.0,128.0,150.0,18.0,0.0,0.9441431670281996,0.9717189073562622,39.66329346373579
0.0,128.0,150.0,18.0,0.1,0.9441431670281996,0.9717189073562622,40.351681426638116
0.0,128.0,150.0,18.0,0.2,0.9441431670281996,0.9717189073562622,39.668971950765794
0.0,128.0,150.0,24.0,0.0,0.9461371055495104,0.9713479280471802,40.018286769689425
0.0,128.0,150.0,24.0,0.1,0.9461371055495104,0.9713479280471802,39.77467584292798
0.0,128.0,150.0,24.0,0.2,0.9461371055495104,0.9713479280471802,39.06870589056632
0.0,128.0,200.0,1.0,0.0,0.7678667383127351,0.8087449073791504,15.118562802384648
0.0,128.0,200.0,1.0,0.1,0.7678667383127351,0.8087449073791504,11.012864708367104
0.0,128.0,200.0,1.0,0.2,0.7678667383127351,0.8087449073791504,7.431811890239373
0.0,128.0,200.0,3.0,0.0,0.9316837009144702,0.9707845449447632,38.98644588802744
0.0,128.0,200.0,3.0,0.1,0.9316837009144702,0.9707845449447632,38.19961363813749
0.0,128.0,200.0,3.0,0.2,0.9316837009144702,0.9707845449447632,36.85125867929703
0.0,128.0,200.0,6.0,0.0,0.941271551724138,0.97180837392807,39.5656117749181
0.0,128.0,200.0,6.0,0.1,0.941271551724138,0.97180837392807,39.917707998947385
0.0,128.0,200.0,6.0,0.2,0.941271551724138,0.97180837392807,40.368861732177365
0.0,128.0,200.0,9.0,0.0,0.9417161359956828,0.9717205166816713,40.870178686655976
0.0,128.0,200.0,9.0,0.1,0.9417161359956828,0.9717205166816713,40.60647020905977
0.0,128.0,200.0,9.0,0.2,0.9417161359956828,0.9717205166816713,38.925969489618026
0.0,128.0,200.0,12.0,0.0,0.947027027027027,0.9719910621643066,40.92581484359447
0.0,128.0,200.0,12.0,0.1,0.947027027027027,0.9719910621643066,41.16958017540416
0.0,128.0,200.0,12.0,0.2,0.947027027027027,0.9719910621643066,39.860118871711975
0.0,128.0,200.0,18.0,0.0,0.9468546637744034,0.9723607897758484,40.787381543509156
0.0,128.0,200.0,18.0,0.1,0.9468546637744034,0.9723607897758484,40.690148595542986
0.0,128.0,200.0,18.0,0.2,0.9468546637744034,0.9723607897758484,39.9556839573416
0.0,128.0,200.0,24.0,0.0,0.942872687704026,0.9725782871246338,40.125499545585626
0.0,128.0,200.0,24.0,0.1,0.942872687704026,0.9725782871246338,39.86449555820392
0.0,128.0,200.0,24.0,0.2,0.942872687704026,0.9725782871246338,38.80120823167295
0.1,8.0,30.0,1.0,0.0,0.6523374529822676,0.7708740234375,7.159026068696356
0.1,8.0,30.0,1.0,0.1,0.6523374529822676,0.7708740234375,5.6849378484258555
0.1,8.0,30.0,1.0,0.2,0.6523374529822676,0.7708740234375,4.631139125410255
0.1,8.0,30.0,3.0,0.0,0.9101667563206024,0.9073090553283693,31.354184221716995
0.1,8.0,30.0,3.0,0.1,0.9101667563206024,0.9073090553283693,32.416390626330355
0.1,8.0,30.0,3.0,0.2,0.9101667563206024,0.9073090553283693,30.863984904307962
0.1,8.0,30.0,6.0,0.0,0.8895474137931034,0.8952038288116455,28.297427368940614
0.1,8.0,30.0,6.0,0.1,0.8895474137931034,0.8952038288116455,28.980338352845052
0.1,8.0,30.0,6.0,0.2,0.8895474137931034,0.8952038288116455,30.481281404037762
0.1,8.0,30.0,9.0,0.0,0.9055585536967079,0.9105453491210938,29.756941316374107
0.1,8.0,30.0,9.0,0.1,0.9055585536967079,0.9105453491210938,31.071655692224326
0.1,8.0,30.0,9.0,0.2,0.9055585536967079,0.9105453491210938,30.39606637970219
0.1,8.0,30.0,12.0,0.0,0.9064864864864864,0.8898878693580627,29.380533316544167
0.1,8.0,30.0,12.0,0.1,0.9064864864864864,0.8898878693580627,30.34243911360252
0.1,8.0,30.0,12.0,0.2,0.9064864864864864,0.8898878693580627,27.349017953773927
0.1,8.0,30.0,18.0,0.0,0.9083514099783079,0.8892720937728882,29.92339031520298
0.1,8.0,30.0,18.0,0.1,0.9083514099783079,0.8892720937728882,30.438348133247317
0.1,8.0,30.0,18.0,0.2,0.9083514099783079,0.8892720937728882,28.026412017589735
0.1,8.0,30.0,24.0,0.0,0.9118607181719258,0.9050282835960388,27.53349050465511
0.1,8.0,30.0,24.0,0.1,0.9118607181719258,0.9050282835960388,31.358102519770732
0.1,8.0,30.0,24.0,0.2,0.9118607181719258,0.9050282835960388,29.053710290854735
0.1,8.0,50.0,1.0,0.0,0.6550241805480924,0.7750017642974854,7.161816445741421
0.1,8.0,50.0,1.0,0.1,0.6550241805480924,0.7750017642974854,5.703695891693572
0.1,8.0,50.0,1.0,0.2,0.6550241805480924,0.7750017642974854,4.212652696363455
0.1,8.0,50.0,3.0,0.0,0.9085529854760624,0.9127987623214722,31.44237827421811
0.1,8.0,50.0,3.0,0.1,0.9085529854760624,0.9127987623214722,31.894723405892755
0.1,8.0,50.0,3.0,0.2,0.9085529854760624,0.9127987623214722,30.90050218362536
0.1,8.0,50.0,6.0,0.0,0.9003232758620692,0.9059067368507384,28.932234715409898
0.1,8.0,50.0,6.0,0.1,0.9003232758620692,0.9059067368507384,30.450236657159227
0.1,8.0,50.0,6.0,0.2,0.9003232758620692,0.9059067368507384,30.01253974241797
0.1,8.0,50.0,9.0,0.0,0.8942255801403131,0.908215582370758,29.707847364620715
0.1,8.0,50.0,9.0,0.1,0.8942255801403131,0.908215582370758,30.845744291785135
0.1,8.0,50.0,9.0,0.2,0.8942255801403131,0.908215582370758,29.553538227370442
0.1,8.0,50.0,12.0,0.0,0.9151351351351352,0.9092381596565248,31.92584811295104
0.1,8.0,50.0,12.0,0.1,0.9151351351351352,0.9092381596565248,31.64121788153173
0.1,8.0,50.0,12.0,0.2,0.9151351351351352,0.9092381596565248,30.99388648066051
0.1,8.0,50.0,18.0,0.0,0.8942516268980477,0.9090442657470704,30.18799338647469
0.1,8.0,50.0,18.0,0.1,0.8942516268980477,0.9090442657470704,30.581571140399102
0.1,8.0,50.0,18.0,0.2,0.8942516268980477,0.9090442657470704,29.47968739149161
0.1,8.0,50.0,24.0,0.0,0.913492927094668,0.9086392521858216,31.929240793891964
0.1,8.0,50.0,24.0,0.1,0.913492927094668,0.9086392521858216,32.05593413407731
0.1,8.0,50.0,24.0,0.2,0.913492927094668,0.9086392521858216,32.30429345993373
0.1,8.0,70.0,1.0,0.0,0.6802794196668458,0.7749828696250916,9.847586994503603
0.1,8.0,70.0,1.0,0.1,0.6802794196668458,0.7749828696250916,7.125433712354268
0.1,8.0,70.0,1.0,0.2,0.6802794196668458,0.7749828696250916,4.946601852604031
0.1,8.0,70.0,3.0,0.0,0.9171597633136096,0.9195613265037536,33.318805709615745
0.1,8.0,70.0,3.0,0.1,0.9171597633136096,0.9195613265037536,32.85012160869403
0.1,8.0,70.0,3.0,0.2,0.9171597633136096,0.9195613265037536,31.971348303136626
0.1,8.0,70.0,6.0,0.0,0.9073275862068966,0.9165617823600768,31.048008524138645
0.1,8.0,70.0,6.0,0.1,0.9073275862068966,0.9165617823600768,32.47557804070163
0.1,8.0,70.0,6.0,0.2,0.9073275862068966,0.9165617823600768,31.86682352125943
0.1,8.0,70.0,9.0,0.0,0.9066378845116028,0.9152787923812866,31.023447361964774
0.1,8.0,70.0,9.0,0.1,0.9066378845116028,0.9152787923812866,31.897449585465232
0.1,8.0,70.0,9.0,0.2,0.9066378845116028,0.9152787923812866,31.432678051200767
0.1,8.0,70.0,12.0,0.0,0.8908108108108108,0.9133975505828856,30.30083936347392
0.1,8.0,70.0,12.0,0.1,0.8908108108108108,0.9133975505828856,30.737065190232897
0.1,8.0,70.0,12.0,0.2,0.8908108108108108,0.9133975505828856,30.305544536858932
0.1,8.0,70.0,18.0,0.0,0.9023861171366594,0.9140744209289552,31.731264474186126
0.1,8.0,70.0,18.0,0.1,0.9023861171366594,0.9140744209289552,31.7282221465463
0.1,8.0,70.0,18.0,0.2,0.9023861171366594,0.9140744209289552,31.77458392516269
0.1,8.0,70.0,24.0,0.0,0.9031556039173014,0.915460765361786,30.475275749033408
0.1,8.0,70.0,24.0,0.1,0.9031556039173014,0.915460765361786,31.41252566509377
0.1,8.0,70.0,24.0,0.2,0.9031556039173014,0.915460765361786,29.614237254724635
0.1,8.0,90.0,1.0,0.0,0.6663084363245567,0.7767981886863708,8.105097352117614
0.1,8.0,90.0,1.0,0.1,0.6663084363245567,0.7767981886863708,6.872272460222925
0.1,8.0,90.0,1.0,0.2,0.6663084363245567,0.7767981886863708,4.95035658113105
0.1,8.0,90.0,3.0,0.0,0.914470145239376,0.915648639202118,31.48060082544413
0.1,8.0,90.0,3.0,0.1,0.914470145239376,0.915648639202118,31.405972256419894
0.1,8.0,90.0,3.0,0.2,0.914470145239376,0.915648639202118,31.05665514740799
0.1,8.0,90.0,6.0,0.0,0.9084051724137931,0.9229632019996644,31.006141877249146
0.1,8.0,90.0,6.0,0.1,0.9084051724137931,0.9229632019996644,31.27310304817464
0.1,8.0,90.0,6.0,0.2,0.9084051724137931,0.9229632019996644,30.343597793922978
0.1,8.0,90.0,9.0,0.0,0.908256880733945,0.9198871850967408,30.650914358005405
0.1,8.0,90.0,9.0,0.1,0.908256880733945,0.9198871850967408,30.97273064871809
0.1,8.0,90.0,9.0,0.2,0.908256880733945,0.9198871850967408,30.00310431960311
0.1,8.0,90.0,12.0,0.0,0.9108108108108108,0.9183294773101808,31.99779852036725
0.1,8.0,90.0,12.0,0.1,0.9108108108108108,0.9183294773101808,33.38910084018705
0.1,8.0,90.0,12.0,0.2,0.9108108108108108,0.9183294773101808,32.63424374832598
0.1,8.0,90.0,18.0,0.0,0.9029284164859002,0.9178845882415771,31.06630242176145
0.1,8.0,90.0,18.0,0.1,0.9029284164859002,0.9178845882415771,31.804882893382747
0.1,8.0,90.0,18.0,0.2,0.9029284164859002,0.9178845882415771,31.3954954321237
0.1,8.0,90.0,24.0,0.0,0.9009793253536452,0.916840672492981,25.650763331317094
0.1,8.0,90.0,24.0,0.1,0.9009793253536452,0.916840672492981,30.108552190953237
0.1,8.0,90.0,24.0,0.2,0.9009793253536452,0.916840672492981,31.999632631803397
0.1,8.0,100.0,1.0,0.0,0.6657710908113917,0.7774766087532043,8.984079236312803
0.1,8.0,100.0,1.0,0.1,0.6657710908113917,0.7774766087532043,6.547802570240903
0.1,8.0,100.0,1.0,0.2,0.6657710908113917,0.7774766087532043,5.015900479486764
0.1,8.0,100.0,3.0,0.0,0.9214631522323828,0.9206131100654602,31.98214261728149
0.1,8.0,100.0,3.0,0.1,0.9214631522323828,0.9206131100654602,31.9767277373772
0.1,8.0,100.0,3.0,0.2,0.9214631522323828,0.9206131100654602,32.36833116059668
0.1,8.0,100.0,6.0,0.0,0.9051724137931034,0.9171519875526428,31.247682680399738
0.1,8.0,100.0,6.0,0.1,0.9051724137931034,0.9171519875526428,32.321531457507895
0.1,8.0,100.0,6.0,0.2,0.9051724137931034,0.9171519875526428,31.661878777729743
0.1,8.0,100.0,9.0,0.0,0.9007015650296816,0.9144998788833618,30.724744522309518
0.1,8.0,100.0,9.0,0.1,0.9007015650296816,0.9144998788833618,30.825632013962274
0.1,8.0,100.0,9.0,0.2,0.9007015650296816,0.9144998788833618,31.513506868506823
0.1,8.0,100.0,12.0,0.0,0.9010810810810812,0.9199509620666504,31.000246496620342
0.1,8.0,100.0,12.0,0.1,0.9010810810810812,0.9199509620666504,32.34657984612214
0.1,8.0,100.0,12.0,0.2,0.9010810810810812,0.9199509620666504,31.19505835212246
0.1,8.0,100.0,18.0,0.0,0.9191973969631236,0.921470820903778,32.86372768402848
0.1,8.0,100.0,18.0,0.1,0.9191973969631236,0.921470820903778,32.332576858979195
0.1,8.0,100.0,18.0,0.2,0.9191973969631236,0.921470820903778,31.57905261867252
0.1,8.0,100.0,24.0,0.0,0.9031556039173014,0.9235525727272034,30.312158243128806
0.1,8.0,100.0,24.0,0.1,0.9031556039173014,0.9235525727272034,31.66376585475538
0.1,8.0,100.0,24.0,0.2,0.9031556039173014,0.9235525727272034,32.45772548278002
0.1,8.0,150.0,1.0,0.0,0.662547017732402,0.7780067920684814,8.996989066073459
0.1,8.0,150.0,1.0,0.1,0.662547017732402,0.7780067920684814,6.352408383498919
0.1,8.0,150.0,1.0,0.2,0.662547017732402,0.7780067920684814,4.7063460519966585
0.1,8.0,150.0,3.0,0.0,0.9010220548682089,0.9202075600624084,31.190623955067
0.1,8.0,150.0,3.0,0.1,0.9010220548682089,0.9202075600624084,31.7724876122113
0.1,8.0,150.0,3.0,0.2,0.9010220548682089,0.9202075600624084,31.017302531207193
0.1,8.0,150.0,6.0,0.0,0.9035560344827588,0.9212648868560792,31.269814403525338
0.1,8.0,150.0,6.0,0.1,0.9035560344827588,0.9212648868560792,31.295609250037113
0.1,8.0,150.0,6.0,0.2,0.9035560344827588,0.9212648868560792,31.80293491317323
0.1,8.0,150.0,9.0,0.0,0.901241230437129,0.9214170575141908,29.601267357393517
0.1,8.0,150.0,9.0,0.1,0.901241230437129,0.9214170575141908,30.997999275568446
0.1,8.0,150.0,9.0,0.2,0.901241230437129,0.9214170575141908,31.50379885714253
0.1,8.0,150.0,12.0,0.0,0.8989189189189191,0.9216009378433228,28.839306785551162
0.1,8.0,150.0,12.0,0.1,0.8989189189189191,0.9216009378433228,31.80624429475777
0.1,8.0,150.0,12.0,0.2,0.8989189189189191,0.9216009378433228,31.50099552477438
0.1,8.0,150.0,18.0,0.0,0.8915401301518439,0.9202268719673156,29.830521969290942
0.1,8.0,150.0,18.0,0.1,0.8915401301518439,0.9202268719673156,31.660429586058196
0.1,8.0,150.0,18.0,0.2,0.8915401301518439,0.9202268719673156,30.857161888975767
0.1,8.0,150.0,24.0,0.0,0.9026115342763874,0.9209951758384703,30.986591920066232
0.1,8.0,150.0,24.0,0.1,0.9026115342763874,0.9209951758384703,31.825464778851792
0.1,8.0,150.0,24.0,0.2,0.9026115342763874,0.9209951758384703,30.818244910426287
0.1,8.0,200.0,1.0,0.0,0.6926383664696399,0.7786284089088441,10.928054307478776
0.1,8.0,200.0,1.0,0.1,0.6926383664696399,0.7786284089088441,7.711831439225402
0.1,8.0,200.0,1.0,0.2,0.6926383664696399,0.7786284089088441,5.483859847955661
0.1,8.0,200.0,3.0,0.0,0.9193114577729964,0.9200172424316406,32.22384179560792
0.1,8.0,200.0,3.0,0.1,0.9193114577729964,0.9200172424316406,32.50476880995319
0.1,8.0,200.0,3.0,0.2,0.9193114577729964,0.9200172424316406,32.743154572379076
0.1,8.0,200.0,6.0,0.0,0.9110991379310344,0.921726644039154,30.957933929937052
0.1,8.0,200.0,6.0,0.1,0.9110991379310344,0.921726644039154,32.109409163229124
0.1,8.0,200.0,6.0,0.2,0.9110991379310344,0.921726644039154,31.483668134168767
0.1,8.0,200.0,9.0,0.0,0.9044792228818131,0.9251309037208556,30.09091856049228
0.1,8.0,200.0,9.0,0.1,0.9044792228818131,0.9251309037208556,31.45716489488816
0.1,8.0,200.0,9.0,0.2,0.9044792228818131,0.9251309037208556,31.16306952205019
0.1,8.0,200.0,12.0,0.0,0.9232432432432433,0.9245649576187134,33.571275487759856
0.1,8.0,200.0,12.0,0.1,0.9232432432432433,0.9245649576187134,33.72678218834244
0.1,8.0,200.0,12.0,0.2,0.9232432432432433,0.9245649576187134,32.644735468562395
0.1,8.0,200.0,18.0,0.0,0.9094360086767896,0.9209070801734924,30.30993535167224
0.1,8.0,200.0,18.0,0.1,0.9094360086767896,0.9209070801734924,31.19052207067436
0.1,8.0,200.0,18.0,0.2,0.9094360086767896,0.9209070801734924,31.15579228476873
0.1,8.0,200.0,24.0,0.0,0.9069640914036997,0.9270462393760681,30.92317791501182
0.1,8.0,200.0,24.0,0.1,0.9069640914036997,0.9270462393760681,31.776837898044736
0.1,8.0,200.0,24.0,0.2,0.9069640914036997,0.9270462393760681,31.96998223682161
0.1,64.0,30.0,1.0,0.0,0.723804406233208,0.7270300388336182,16.377151386604954
0.1,64.0,30.0,1.0,0.1,0.723804406233208,0.7270300388336182,6.9594711400650615
0.1,64.0,30.0,1.0,0.2,0.723804406233208,0.7270300388336182,3.6825725099893196
0.1,64.0,30.0,3.0,0.0,0.8762775685852608,0.8642163276672363,31.954979947854362
0.1,64.0,30.0,3.0,0.1,0.8762775685852608,0.8642163276672363,24.572840356277002
0.1,64.0,30.0,3.0,0.2,0.8762775685852608,0.8642163276672363,16.891719559044557
0.1,64.0,30.0,6.0,0.0,0.8992456896551724,0.8588893413543701,32.387185389864534
0.1,64.0,30.0,6.0,0.1,0.8992456896551724,0.8588893413543701,29.171721619750823
0.1,64.0,30.0,6.0,0.2,0.8992456896551724,0.8588893413543701,19.07691544525318
0.1,64.0,30.0,9.0,0.0,0.9109552077711819,0.8613811731338501,33.91607868729553
0.1,64.0,30.0,9.0,0.1,0.9109552077711819,0.8613811731338501,29.193835876419904
0.1,64.0,30.0,9.0,0.2,0.9109552077711819,0.8613811731338501,20.38084292713037
0.1,64.0,30.0,12.0,0.0,0.9075675675675675,0.8550589084625244,32.11721776150098
0.1,64.0,30.0,12.0,0.1,0.9075675675675675,0.8550589084625244,25.346975323933005
0.1,64.0,30.0,12.0,0.2,0.9075675675675675,0.8550589084625244,15.592172188976468
0.1,64.0,30.0,18.0,0.0,0.9040130151843818,0.8566703200340271,34.02599026130354
0.1,64.0,30.0,18.0,0.1,0.9040130151843818,0.8566703200340271,27.353843318863373
0.1,64.0,30.0,18.0,0.2,0.9040130151843818,0.8566703200340271,17.34608648391394
0.1,64.0,30.0,24.0,0.0,0.9053318824809575,0.8549103140830994,33.485774273629254
0.1,64.0,30.0,24.0,0.1,0.9053318824809575,0.8549103140830994,26.454985150509696
0.1,64.0,30.0,24.0,0.2,0.9053318824809575,0.8549103140830994,17.018390001547406
0.1,64.0,50.0,1.0,0.0,0.723804406233208,0.7284554839134216,16.196306116087733
0.1,64.0,50.0,1.0,0.1,0.723804406233208,0.7284554839134216,6.7413548274385375
0.1,64.0,50.0,1.0,0.2,0.723804406233208,0.7284554839134216,3.8528767070633276
0.1,64.0,50.0,3.0,0.0,0.8466917697686929,0.8717712759971619,28.40406089756577
0.1,64.0,50.0,3.0,0.1,0.8466917697686929,0.8717712759971619,23.716527412685874
0.1,64.0,50.0,3.0,0.2,0.8466917697686929,0.8717712759971619,18.168091969570845
0.1,64.0,50.0,6.0,0.0,0.9084051724137931,0.8600426316261292,33.704860832122655
0.1,64.0,50.0,6.0,0.1,0.9084051724137931,0.8600426316261292,29.230485870458427
0.1,64.0,50.0,6.0,0.2,0.9084051724137931,0.8600426316261292,18.522246616990977
0.1,64.0,50.0,9.0,0.0,0.908256880733945,0.8638635873794556,33.44549561953382
0.1,64.0,50.0,9.0,0.1,0.908256880733945,0.8638635873794556,29.497507186543565
0.1,64.0,50.0,9.0,0.2,0.908256880733945,0.8638635873794556,20.857268865070353
0.1,64.0,50.0,12.0,0.0,0.9043243243243243,0.8634691834449768,33.624858502618615
0.1,64.0,50.0,12.0,0.1,0.9043243243243243,0.8634691834449768,30.641663642427865
0.1,64.0,50.0,12.0,0.2,0.9043243243243243,0.8634691834449768,19.990685269553843
0.1,64.0,50.0,18.0,0.0,0.9148590021691974,0.8599473237991333,34.12218722193285
0.1,64.0,50.0,18.0,0.1,0.9148590021691974,0.8599473237991333,29.61024471996499
0.1,64.0,50.0,18.0,0.2,0.9148590021691974,0.8599473237991333,20.003142555378027
0.1,64.0,50.0,24.0,0.0,0.9162132752992383,0.8609694242477417,32.65973102193314
0.1,64.0,50.0,24.0,0.1,0.9162132752992383,0.8609694242477417,30.305224564454935
0.1,64.0,50.0,24.0,0.2,0.9162132752992383,0.8609694242477417,19.068476793671316
0.1,64.0,70.0,1.0,0.0,0.7243417517463729,0.7296477556228638,16.525860464336564
0.1,64.0,70.0,1.0,0.1,0.7243417517463729,0.7296477556228638,6.896742576867948
0.1,64.0,70.0,1.0,0.2,0.7243417517463729,0.7296477556228638,4.11637126917931
0.1,64.0,70.0,3.0,0.0,0.8838084991931145,0.863466203212738,33.0771071063196
0.1,64.0,70.0,3.0,0.1,0.8838084991931145,0.863466203212738,26.775226903867523
0.1,64.0,70.0,3.0,0.2,0.8838084991931145,0.863466203212738,18.867114418134527
0.1,64.0,70.0,6.0,0.0,0.9051724137931034,0.8663373589515686,32.611022966060816
0.1,64.0,70.0,6.0,0.1,0.9051724137931034,0.8663373589515686,30.905909415353616
0.1,64.0,70.0,6.0,0.2,0.9051724137931034,0.8663373589515686,21.622895938099134
0.1,64.0,70.0,9.0,0.0,0.8839719373988127,0.8659383654594421,31.566751781901818
0.1,64.0,70.0,9.0,0.1,0.8839719373988127,0.8659383654594421,28.697978937382622
0.1,64.0,70.0,9.0,0.2,0.8839719373988127,0.8659383654594421,20.960503141303928
0.1,64.0,70.0,12.0,0.0,0.8810810810810811,0.8668208122253418,30.3577426151827
0.1,64.0,70.0,12.0,0.1,0.8810810810810811,0.8668208122253418,28.75181173749622
0.1,64.0,70.0,12.0,0.2,0.8810810810810811,0.8668208122253418,20.488614329793453
0.1,64.0,70.0,18.0,0.0,0.8964208242950108,0.8673917651176453,32.73369229272197
0.1,64.0,70.0,18.0,0.1,0.8964208242950108,0.8673917651176453,28.492889845090893
0.1,64.0,70.0,18.0,0.2,0.8964208242950108,0.8673917651176453,20.944410783775563
0.1,64.0,70.0,24.0,0.0,0.9064200217627857,0.8652262091636658,31.99184527045574
0.1,64.0,70.0,24.0,0.1,0.9064200217627857,0.8652262091636658,26.982800062496818
0.1,64.0,70.0,24.0,0.2,0.9064200217627857,0.8652262091636658,18.700314956882476
0.1,64.0,90.0,1.0,0.0,0.7270284793121977,0.7307778000831604,16.34735332433243
0.1,64.0,90.0,1.0,0.1,0.7270284793121977,0.7307778000831604,7.329763778626261
0.1,64.0,90.0,1.0,0.2,0.7270284793121977,0.7307778000831604,4.090840541061172
0.1,64.0,90.0,3.0,0.0,0.9031737493275955,0.8705846667289734,32.10814451786343
0.1,64.0,90.0,3.0,0.1,0.9031737493275955,0.8705846667289734,32.08372114606487
0.1,64.0,90.0,3.0,0.2,0.9031737493275955,0.8705846667289734,23.48095560680275
0.1,64.0,90.0,6.0,0.0,0.9019396551724138,0.8702284693717957,31.84342308358846
0.1,64.0,90.0,6.0,0.1,0.9019396551724138,0.8702284693717957,30.50018305806803
0.1,64.0,90.0,6.0,0.2,0.9019396551724138,0.8702284693717957,27.348556990348115
0.1,64.0,90.0,9.0,0.0,0.8818132757690232,0.8755455017089844,30.01549933888997
0.1,64.0,90.0,9.0,0.1,0.8818132757690232,0.8755455017089844,28.374301702799368
0.1,64.0,90.0,9.0,0.2,0.8818132757690232,0.8755455017089844,23.402456735069002
0.1,64.0,90.0,12.0,0.0,0.8983783783783784,0.8752028346061707,30.676111050239182
0.1,64.0,90.0,12.0,0.1,0.8983783783783784,0.8752028346061707,29.619528871162586
0.1,64.0,90.0,12.0,0.2,0.8983783783783784,0.8752028346061707,24.619410662382702
0.1,64.0,90.0,18.0,0.0,0.9072668112798264,0.8654228448867798,32.30431650653175
0.1,64.0,90.0,18.0,0.1,0.9072668112798264,0.8654228448867798,28.985084694169885
0.1,64.0,90.0,18.0,0.2,0.9072668112798264,0.8654228448867798,21.615621251014282
0.1,64.0,90.0,24.0,0.0,0.8939064200217628,0.8621950745582581,32.19119268976408
0.1,64.0,90.0,24.0,0.1,0.8939064200217628,0.8621950745582581,25.76440840020996
0.1,64.0,90.0,24.0,0.2,0.8939064200217628,0.8621950745582581,18.145364871522766
0.1,64.0,100.0,1.0,0.0,0.7291778613648576,0.731188178062439,16.816812564185014
0.1,64.0,100.0,1.0,0.1,0.7291778613648576,0.731188178062439,7.236773024884381
0.1,64.0,100.0,1.0,0.2,0.7291778613648576,0.731188178062439,4.1122879672617865
0.1,64.0,100.0,3.0,0.0,0.8945669714900484,0.8710287809371948,31.822165921767578
0.1,64.0,100.0,3.0,0.1,0.8945669714900484,0.8710287809371948,31.926765460387873
0.1,64.0,100.0,3.0,0.2,0.8945669714900484,0.8710287809371948,24.747914284456186
0.1,64.0,100.0,6.0,0.0,0.8992456896551724,0.8662346005439758,31.97595226182666
0.1,64.0,100.0,6.0,0.1,0.8992456896551724,0.8662346005439758,28.472036381251566
0.1,64.0,100.0,6.0,0.2,0.8992456896551724,0.8662346005439758,22.83170441072317
0.1,64.0,100.0,9.0,0.0,0.9023205612520238,0.8707641959190369,31.07006781055298
0.1,64.0,100.0,9.0,0.1,0.9023205612520238,0.8707641959190369,29.895583228600348
0.1,64.0,100.0,9.0,0.2,0.9023205612520238,0.8707641959190369,24.809321636987576
0.1,64.0,100.0,12.0,0.0,0.8718918918918919,0.8705013394355774,29.731358457949632
0.1,64.0,100.0,12.0,0.1,0.8718918918918919,0.8705013394355774,27.694354395916175
0.1,64.0,100.0,12.0,0.2,0.8718918918918919,0.8705013394355774,20.251681593265037
0.1,64.0,100.0,18.0,0.0,0.9099783080260304,0.8663467764854431,32.23032069339743
0.1,64.0,100.0,18.0,0.1,0.9099783080260304,0.8663467764854431,30.158922771244352
0.1,64.0,100.0,18.0,0.2,0.9099783080260304,0.8663467764854431,22.889551187113327
0.1,64.0,100.0,24.0,0.0,0.9183895538628944,0.8719704747200012,32.01295375495651
0.1,64.0,100.0,24.0,0.1,0.9183895538628944,0.8719704747200012,30.1782240904492
0.1,64.0,100.0,24.0,0.2,0.9183895538628944,0.8719704747200012,23.66571414920337
0.1,64.0,150.0,1.0,0.0,0.7302525523911876,0.7362100481987,15.916644048479103
0.1,64.0,150.0,1.0,0.1,0.7302525523911876,0.7362100481987,7.565638971640967
0.1,64.0,150.0,1.0,0.2,0.7302525523911876,0.7362100481987,4.486302715541081
0.1,64.0,150.0,3.0,0.0,0.9069392146315223,0.8725442886352539,32.18408244166734
0.1,64.0,150.0,3.0,0.1,0.9069392146315223,0.8725442886352539,31.575198384389942
0.1,64.0,150.0,3.0,0.2,0.9069392146315223,0.8725442886352539,26.23100070070142
0.1,64.0,150.0,6.0,0.0,0.9067887931034483,0.8805985450744629,31.69896633465483
0.1,64.0,150.0,6.0,0.1,0.9067887931034483,0.8805985450744629,32.36295992740619
0.1,64.0,150.0,6.0,0.2,0.9067887931034483,0.8805985450744629,28.077449858371725
0.1,64.0,150.0,9.0,0.0,0.9001618996222343,0.8756771087646484,31.772317143604123
0.1,64.0,150.0,9.0,0.1,0.9001618996222343,0.8756771087646484,29.858545035392243
0.1,64.0,150.0,9.0,0.2,0.9001618996222343,0.8756771087646484,26.278521799044714
0.1,64.0,150.0,12.0,0.0,0.9178378378378378,0.8730919361114502,30.989655243602193
0.1,64.0,150.0,12.0,0.1,0.9178378378378378,0.8730919361114502,32.10502903532649
0.1,64.0,150.0,12.0,0.2,0.9178378378378378,0.8730919361114502,27.66121860666346
0.1,64.0,150.0,18.0,0.0,0.8920824295010846,0.8735960721969604,30.194437326952833
0.1,64.0,150.0,18.0,0.1,0.8920824295010846,0.8735960721969604,29.107942815896198
0.1,64.0,150.0,18.0,0.2,0.8920824295010846,0.8735960721969604,23.461916320928005
0.1,64.0,150.0,24.0,0.0,0.9178454842219804,0.8714191317558289,31.61067647968354
0.1,64.0,150.0,24.0,0.1,0.9178454842219804,0.8714191317558289,30.442249450079288
0.1,64.0,150.0,24.0,0.2,0.9178454842219804,0.8714191317558289,24.941925333821963
0.1,64.0,200.0,1.0,0.0,0.6942504030091349,0.7368945479393005,9.207743669816038
0.1,64.0,200.0,1.0,0.1,0.6942504030091349,0.7368945479393005,6.008495847720746
0.1,64.0,200.0,1.0,0.2,0.6942504030091349,0.7368945479393005,2.8899113896291055
0.1,64.0,200.0,3.0,0.0,0.9220010758472297,0.8733019232749939,31.78163225998871
0.1,64.0,200.0,3.0,0.1,0.9220010758472297,0.8733019232749939,32.18469523779593
0.1,64.0,200.0,3.0,0.2,0.9220010758472297,0.8733019232749939,27.413717827303127
0.1,64.0,200.0,6.0,0.0,0.9181034482758621,0.8778542280197144,33.693026145280626
0.1,64.0,200.0,6.0,0.1,0.9181034482758621,0.8778542280197144,33.17233688195735
0.1,64.0,200.0,6.0,0.2,0.9181034482758621,0.8778542280197144,28.333634022284006
0.1,64.0,200.0,9.0,0.0,0.8947652455477604,0.8804854154586792,30.780787842524774
0.1,64.0,200.0,9.0,0.1,0.8947652455477604,0.8804854154586792,31.792938574608453
0.1,64.0,200.0,9.0,0.2,0.8947652455477604,0.8804854154586792,28.405085133366388
0.1,64.0,200.0,12.0,0.0,0.9032432432432432,0.8796766400337219,30.648543891174103
0.1,64.0,200.0,12.0,0.1,0.9032432432432432,0.8796766400337219,30.900134921112063
0.1,64.0,200.0,12.0,0.2,0.9032432432432432,0.8796766400337219,28.02568697683848
0.1,64.0,200.0,18.0,0.0,0.9050976138828634,0.8696953058242798,31.167043454728866
0.1,64.0,200.0,18.0,0.1,0.9050976138828634,0.8696953058242798,30.307277964194345
0.1,64.0,200.0,18.0,0.2,0.9050976138828634,0.8696953058242798,26.025217256358324
0.1,64.0,200.0,24.0,0.0,0.8895538628944505,0.8721282482147217,30.12071376777144
0.1,64.0,200.0,24.0,0.1,0.8895538628944505,0.8721282482147217,30.286344906471935
0.1,64.0,200.0,24.0,0.2,0.8895538628944505,0.8721282482147217,23.65551696790194
0.1,128.0,30.0,1.0,0.0,0.7103707684040839,0.7162959575653076,13.689406209463867
0.1,128.0,30.0,1.0,0.1,0.7103707684040839,0.7162959575653076,6.239827343160211
0.1,128.0,30.0,1.0,0.2,0.7103707684040839,0.7162959575653076,3.706686451548004
0.1,128.0,30.0,3.0,0.0,0.8945669714900484,0.8534418940544128,30.38414790611859
0.1,128.0,30.0,3.0,0.1,0.8945669714900484,0.8534418940544128,25.749374971942803
0.1,128.0,30.0,3.0,0.2,0.8945669714900484,0.8534418940544128,16.030949367364475
0.1,128.0,30.0,6.0,0.0,0.8943965517241379,0.8479129672050476,30.961098491965664
0.1,128.0,30.0,6.0,0.1,0.8943965517241379,0.8479129672050476,25.523842747134097
0.1,128.0,30.0,6.0,0.2,0.8943965517241379,0.8479129672050476,15.533395559552352
0.1,128.0,30.0,9.0,0.0,0.9039395574743659,0.8474407196044922,33.27524413566984
0.1,128.0,30.0,9.0,0.1,0.9039395574743659,0.8474407196044922,25.24726281853719
0.1,128.0,30.0,9.0,0.2,0.9039395574743659,0.8474407196044922,14.957702251605268
0.1,128.0,30.0,12.0,0.0,0.9016216216216216,0.8449775576591492,32.22067974066581
0.1,128.0,30.0,12.0,0.1,0.9016216216216216,0.8449775576591492,24.793599590519367
0.1,128.0,30.0,12.0,0.2,0.9016216216216216,0.8449775576591492,15.793067288994079
0.1,128.0,30.0,18.0,0.0,0.9056399132321041,0.8444352149963379,33.65881080739169
0.1,128.0,30.0,18.0,0.1,0.9056399132321041,0.8444352149963379,27.341456935110905
0.1,128.0,30.0,18.0,0.2,0.9056399132321041,0.8444352149963379,17.18151961582089
0.1,128.0,30.0,24.0,0.0,0.8998911860718172,0.8447139263153076,32.88967864047628
0.1,128.0,30.0,24.0,0.1,0.8998911860718172,0.8447139263153076,27.123317228556065
0.1,128.0,30.0,24.0,0.2,0.8998911860718172,0.8447139263153076,16.37416920216613
0.1,128.0,50.0,1.0,0.0,0.7189682966147233,0.7198538780212402,15.704399357426865
0.1,128.0,50.0,1.0,0.1,0.7189682966147233,0.7198538780212402,6.350429375495853
0.1,128.0,50.0,1.0,0.2,0.7189682966147233,0.7198538780212402,3.6654776957497868
0.1,128.0,50.0,3.0,0.0,0.9257665411511565,0.8544544577598572,34.4414213243108
0.1,128.0,50.0,3.0,0.1,0.9257665411511565,0.8544544577598572,27.95840431248889
0.1,128.0,50.0,3.0,0.2,0.9257665411511565,0.8544544577598572,17.44101924877614
0.1,128.0,50.0,6.0,0.0,0.8954741379310345,0.8539401292800903,30.838215645268843
0.1,128.0,50.0,6.0,0.1,0.8954741379310345,0.8539401292800903,27.14697246812521
0.1,128.0,50.0,6.0,0.2,0.8954741379310345,0.8539401292800903,16.523643716352
0.1,128.0,50.0,9.0,0.0,0.8931462493254182,0.8527681827545166,30.06032424406086
0.1,128.0,50.0,9.0,0.1,0.8931462493254182,0.8527681827545166,26.487191738676675
0.1,128.0,50.0,9.0,0.2,0.8931462493254182,0.8527681827545166,15.333256865213691
0.1,128.0,50.0,12.0,0.0,0.8513513513513513,0.853916347026825,28.08586073464474
0.1,128.0,50.0,12.0,0.1,0.8513513513513513,0.853916347026825,22.113989720717118
0.1,128.0,50.0,12.0,0.2,0.8513513513513513,0.853916347026825,13.406250071026674
0.1,128.0,50.0,18.0,0.0,0.8763557483731019,0.8525708913803101,30.026576817944566
0.1,128.0,50.0,18.0,0.1,0.8763557483731019,0.8525708913803101,22.718657067847385
0.1,128.0,50.0,18.0,0.2,0.8763557483731019,0.8525708913803101,12.616535723549262
0.1,128.0,50.0,24.0,0.0,0.8955386289445049,0.8510891199111938,32.22573963599435
0.1,128.0,50.0,24.0,0.1,0.8955386289445049,0.8510891199111938,26.45846511646635
0.1,128.0,50.0,24.0,0.2,0.8955386289445049,0.8510891199111938,15.726186566353581
0.1,128.0,70.0,1.0,0.0,0.7135948414830736,0.7211584448814392,14.983105774803517
0.1,128.0,70.0,1.0,0.1,0.7135948414830736,0.7211584448814392,6.272234225637299
0.1,128.0,70.0,1.0,0.2,0.7135948414830736,0.7211584448814392,3.6433981080200724
0.1,128.0,70.0,3.0,0.0,0.92845615922539,0.856987476348877,34.27388147894363
0.1,128.0,70.0,3.0,0.1,0.92845615922539,0.856987476348877,27.98438809030163
0.1,128.0,70.0,3.0,0.2,0.92845615922539,0.856987476348877,18.252332999532793
0.1,128.0,70.0,6.0,0.0,0.8933189655172413,0.856621265411377,30.70747771389228
0.1,128.0,70.0,6.0,0.1,0.8933189655172413,0.856621265411377,26.750127585110917
0.1,128.0,70.0,6.0,0.2,0.8933189655172413,0.856621265411377,16.52087126791593
0.1,128.0,70.0,9.0,0.0,0.8974635725849973,0.8569236993789673,31.041419765955187
0.1,128.0,70.0,9.0,0.1,0.8974635725849973,0.8569236993789673,28.44425127258544
0.1,128.0,70.0,9.0,0.2,0.8974635725849973,0.8569236993789673,17.567029241149683
0.1,128.0,70.0,12.0,0.0,0.8891891891891892,0.8536359667778015,33.092052401492694
0.1,128.0,70.0,12.0,0.1,0.8891891891891892,0.8536359667778015,25.06031466931307
0.1,128.0,70.0,12.0,0.2,0.8891891891891892,0.8536359667778015,16.0707898639203
0.1,128.0,70.0,18.0,0.0,0.9007592190889371,0.8573269844055176,30.56175332059174
0.1,128.0,70.0,18.0,0.1,0.9007592190889371,0.8573269844055176,28.035638897580416
0.1,128.0,70.0,18.0,0.2,0.9007592190889371,0.8573269844055176,18.239126131438695
0.1,128.0,70.0,24.0,0.0,0.8977149075081611,0.8555490970611572,32.49646483007789
0.1,128.0,70.0,24.0,0.1,0.8977149075081611,0.8555490970611572,27.185674339524702
0.1,128.0,70.0,24.0,0.2,0.8977149075081611,0.8555490970611572,16.17205954225915
0.1,128.0,90.0,1.0,0.0,0.7173562600752283,0.7213305830955505,15.499015162153897
0.1,128.0,90.0,1.0,0.1,0.7173562600752283,0.7213305830955505,6.559244310452929
0.1,128.0,90.0,1.0,0.2,0.7173562600752283,0.7213305830955505,3.713727778218
0.1,128.0,90.0,3.0,0.0,0.9155459924690694,0.8566609025001526,36.53324150650191
0.1,128.0,90.0,3.0,0.1,0.9155459924690694,0.8566609025001526,27.351929848333313
0.1,128.0,90.0,3.0,0.2,0.9155459924690694,0.8566609025001526,17.09637865983768
0.1,128.0,90.0,6.0,0.0,0.8890086206896551,0.8560666441917419,31.96599259816606
0.1,128.0,90.0,6.0,0.1,0.8890086206896551,0.8560666441917419,26.845121004637754
0.1,128.0,90.0,6.0,0.2,0.8890086206896551,0.8560666441917419,16.6476436047514
0.1,128.0,90.0,9.0,0.0,0.9017808958445763,0.8574633002281189,31.79954195850373
0.1,128.0,90.0,9.0,0.1,0.9017808958445763,0.8574633002281189,26.814113770928934
0.1,128.0,90.0,9.0,0.2,0.9017808958445763,0.8574633002281189,17.36596781799645
0.1,128.0,90.0,12.0,0.0,0.9005405405405406,0.8580108880996704,31.443411698537087
0.1,128.0,90.0,12.0,0.1,0.9005405405405406,0.8580108880996704,28.536031480296728
0.1,128.0,90.0,12.0,0.2,0.9005405405405406,0.8580108880996704,17.957349557565767
0.1,128.0,90.0,18.0,0.0,0.9078091106290672,0.856783926486969,33.834650507918646
0.1,128.0,90.0,18.0,0.1,0.9078091106290672,0.856783926486969,28.330065670245812
0.1,128.0,90.0,18.0,0.2,0.9078091106290672,0.856783926486969,17.699645631431256
0.1,128.0,90.0,24.0,0.0,0.9042437431991295,0.8568633794784546,32.94575569106753
0.1,128.0,90.0,24.0,0.1,0.9042437431991295,0.8568633794784546,24.997898641528163
0.1,128.0,90.0,24.0,0.2,0.9042437431991295,0.8568633794784546,16.87098438365332
0.1,128.0,100.0,1.0,0.0,0.7157442235357335,0.7207590937614441,11.764347108207792
0.1,128.0,100.0,1.0,0.1,0.7157442235357335,0.7207590937614441,6.118090313108019
0.1,128.0,100.0,1.0,0.2,0.7157442235357335,0.7207590937614441,2.68806129624027
0.1,128.0,100.0,3.0,0.0,0.8972565895642819,0.8565393090248108,33.24043031003588
0.1,128.0,100.0,3.0,0.1,0.8972565895642819,0.8565393090248108,23.83808977062608
0.1,128.0,100.0,3.0,0.2,0.8972565895642819,0.8565393090248108,16.003536506609354
0.1,128.0,100.0,6.0,0.0,0.9143318965517241,0.8619354963302612,32.63036846523353
0.1,128.0,100.0,6.0,0.1,0.9143318965517241,0.8619354963302612,29.445259472247827
0.1,128.0,100.0,6.0,0.2,0.9143318965517241,0.8619354963302612,20.09478250566011
0.1,128.0,100.0,9.0,0.0,0.9147328656233136,0.8616396188735962,33.72352741236221
0.1,128.0,100.0,9.0,0.1,0.9147328656233136,0.8616396188735962,29.152779846752924
0.1,128.0,100.0,9.0,0.2,0.9147328656233136,0.8616396188735962,20.03847701923994
0.1,128.0,100.0,12.0,0.0,0.9167567567567567,0.8580811619758606,32.91496061385596
0.1,128.0,100.0,12.0,0.1,0.9167567567567567,0.8580811619758606,27.983081401114557
0.1,128.0,100.0,12.0,0.2,0.9167567567567567,0.8580811619758606,16.979314660096403
0.1,128.0,100.0,18.0,0.0,0.9018438177874186,0.8565563559532166,32.490747876392476
0.1,128.0,100.0,18.0,0.1,0.9018438177874186,0.8565563559532166,27.827098841958318
0.1,128.0,100.0,18.0,0.2,0.9018438177874186,0.8565563559532166,17.00333111066656
0.1,128.0,100.0,24.0,0.0,0.897170837867247,0.855789840221405,30.33344309608037
0.1,128.0,100.0,24.0,0.1,0.897170837867247,0.855789840221405,26.62353421221795
0.1,128.0,100.0,24.0,0.2,0.897170837867247,0.855789840221405,16.311155842242893
0.1,128.0,150.0,1.0,0.0,0.723804406233208,0.727469801902771,16.018370061220505
0.1,128.0,150.0,1.0,0.1,0.723804406233208,0.727469801902771,6.820052769826705
0.1,128.0,150.0,1.0,0.2,0.723804406233208,0.727469801902771,3.9274638055188804
0.1,128.0,150.0,3.0,0.0,0.9176976869284562,0.8578600287437439,33.79280476451012
0.1,128.0,150.0,3.0,0.1,0.9176976869284562,0.8578600287437439,28.863994770425442
0.1,128.0,150.0,3.0,0.2,0.9176976869284562,0.8578600287437439,18.02668617888959
0.1,128.0,150.0,6.0,0.0,0.9067887931034483,0.8613371253013611,35.45821016838506
0.1,128.0,150.0,6.0,0.1,0.9067887931034483,0.8613371253013611,27.840491906646683
0.1,128.0,150.0,6.0,0.2,0.9067887931034483,0.8613371253013611,17.887965498722718
0.1,128.0,150.0,9.0,0.0,0.9120345385860766,0.8599405884742737,32.05619873398849
0.1,128.0,150.0,9.0,0.1,0.9120345385860766,0.8599405884742737,30.251549683019128
0.1,128.0,150.0,9.0,0.2,0.9120345385860766,0.8599405884742737,20.78947918505216
0.1,128.0,150.0,12.0,0.0,0.9118918918918919,0.8630644083023071,32.412267779369486
0.1,128.0,150.0,12.0,0.1,0.9118918918918919,0.8630644083023071,29.201908061852425
0.1,128.0,150.0,12.0,0.2,0.9118918918918919,0.8630644083023071,20.94229296278741
0.1,128.0,150.0,18.0,0.0,0.9126898047722343,0.8601349592208862,32.22054836204192
0.1,128.0,150.0,18.0,0.1,0.9126898047722343,0.8601349592208862,29.941788985359285
0.1,128.0,150.0,18.0,0.2,0.9126898047722343,0.8601349592208862,20.41421816618573
0.1,128.0,150.0,24.0,0.0,0.897170837867247,0.8600491881370544,33.33902797187709
0.1,128.0,150.0,24.0,0.1,0.897170837867247,0.8600491881370544,25.040297486612474
0.1,128.0,150.0,24.0,0.2,0.897170837867247,0.8600491881370544,17.183880884473535
0.1,128.0,200.0,1.0,0.0,0.7281031703385277,0.7279887199401855,16.310254111968284
0.1,128.0,200.0,1.0,0.1,0.7281031703385277,0.7279887199401855,7.299512086875353
0.1,128.0,200.0,1.0,0.2,0.7281031703385277,0.7279887199401855,3.972354544333074
0.1,128.0,200.0,3.0,0.0,0.9139322216245294,0.8596169948577881,34.6318632436592
0.1,128.0,200.0,3.0,0.1,0.9139322216245294,0.8596169948577881,31.746006985303552
0.1,128.0,200.0,3.0,0.2,0.9139322216245294,0.8596169948577881,22.644058369250914
0.1,128.0,200.0,6.0,0.0,0.9132543103448276,0.8600792288780212,32.830129893794236
0.1,128.0,200.0,6.0,0.1,0.9132543103448276,0.8600792288780212,28.763036389620034
0.1,128.0,200.0,6.0,0.2,0.9132543103448276,0.8600792288780212,18.190954642543463
0.1,128.0,200.0,9.0,0.0,0.9098758769562871,0.8613908290863037,32.63322984218806
0.1,128.0,200.0,9.0,0.1,0.9098758769562871,0.8613908290863037,30.02843290598353
0.1,128.0,200.0,9.0,0.2,0.9098758769562871,0.8613908290863037,21.041263027160948
0.1,128.0,200.0,12.0,0.0,0.9102702702702703,0.862101137638092,33.545301755501534
0.1,128.0,200.0,12.0,0.1,0.9102702702702703,0.862101137638092,30.575595036091087
0.1,128.0,200.0,12.0,0.2,0.9102702702702703,0.862101137638092,20.675297449605285
0.1,128.0,200.0,18.0,0.0,0.9099783080260304,0.8597058057785034,32.48727036052955
0.1,128.0,200.0,18.0,0.1,0.9099783080260304,0.8597058057785034,29.134510508002858
0.1,128.0,200.0,18.0,0.2,0.9099783080260304,0.8597058057785034,20.130069193445312
0.1,128.0,200.0,24.0,0.0,0.9096844396082698,0.860599160194397,31.798418795836287
0.1,128.0,200.0,24.0,0.1,0.9096844396082698,0.860599160194397,27.91696856773137
0.1,128.0,200.0,24.0,0.2,0.9096844396082698,0.860599160194397,18.880313836619614
